{
	"result": {
		"topic": {
			"konservasi lingkungan": 0.8862940073013306
		},
		"subtopic": {
			"peran pemerintah lokal": 0.8120716214179993
		}
	}
}
